num_topics,coherence
10,-1.4494227089159644
20,-1.5628879012138879
30,-2.0430327134631305
50,-2.318370461401628
100,-3.467138094829397
